[{"Series_reference": "MEIM.S1WA", "Period": "1999.04", "Data_value": "80267", "Suppressed": "", "STATUS": "F", "UNITS": "Number", "Magnitude": "0", "Subject": "Employment indicators - MEI", "Group": "High level industry by variable", "Series_title_1": "Filled jobs", "Series_title_2": "Primary industries", "Series_title_3": "Actual", "Series_title_4": "", "Series_title_5": ""}, {"Series_reference": "MEIM.S1WA", "Period": "1999.05", "Data_value": "70803", "Suppressed": "", "STATUS": "F", "UNITS": "Number", "Magnitude": "0", "Subject": "Employment indicators - MEI", "Group": "High level industry by variable", "Series_title_1": "Filled jobs", "Series_title_2": "Primary industries", "Series_title_3": "Actual", "Series_title_4": "", "Series_title_5": ""}, {"Series_reference": "MEIM.S1WA", "Period": "1999.06", "Data_value": "65792", "Suppressed": "", "STATUS": "F", "UNITS": "Number", "Magnitude": "0", "Subject": "Employment indicators - MEI", "Group": "High level industry by variable", "Series_title_1": "Filled jobs", "Series_title_2": "Primary industries", "Series_title_3": "Actual", "Series_title_4": "", "Series_title_5": ""}, {"Series_reference": "MEIM.S1WA", "Period": "1999.07", "Data_value": "66194", "Suppressed": "", "STATUS": "F", "UNITS": "Number", "Magnitude": "0", "Subject": "Employment indicators - MEI", "Group": "High level industry by variable", "Series_title_1": "Filled jobs", "Series_title_2": "Primary industries", "Series_title_3": "Actual", "Series_title_4": "", "Series_title_5": ""}, {"Series_reference": "MEIM.S1WA", "Period": "1999.08", "Data_value": "67259", "Suppressed": "", "STATUS": "F", "UNITS": "Number", "Magnitude": "0", "Subject": "Employment indicators - MEI", "Group": "High level industry by variable", "Series_title_1": "Filled jobs", "Series_title_2": "Primary industries", "Series_title_3": "Actual", "Series_title_4": "", "Series_title_5": ""}, {"Series_reference": "MEIM.S1WA", "Period": "1999.09", "Data_value": "69691", "Suppressed": "", "STATUS": "F", "UNITS": "Number", "Magnitude": "0", "Subject": "Employment indicators - MEI", "Group": "High level industry by variable", "Series_title_1": "Filled jobs", "Series_title_2": "Primary industries", "Series_title_3": "Actual", "Series_title_4": "", "Series_title_5": ""}, {"Series_reference": "MEIM.S1WA", "Period": "1999.10", "Data_value": "72475", "Suppressed": "", "STATUS": "F", "UNITS": "Number", "Magnitude": "0", "Subject": "Employment indicators - MEI", "Group": "High level industry by variable", "Series_title_1": "Filled jobs", "Series_title_2": "Primary industries", "Series_title_3": "Actual", "Series_title_4": "", "Series_title_5": ""}, {"Series_reference": "MEIM.S1WA", "Period": "1999.11", "Data_value": "79263", "Suppressed": "", "STATUS": "F", "UNITS": "Number", "Magnitude": "0", "Subject": "Employment indicators - MEI", "Group": "High level industry by variable", "Series_title_1": "Filled jobs", "Series_title_2": "Primary industries", "Series_title_3": "Actual", "Series_title_4": "", "Series_title_5": ""}, {"Series_reference": "MEIM.S1WA", "Period": "1999.12", "Data_value": "86540", "Suppressed": "", "STATUS": "F", "UNITS": "Number", "Magnitude": "0", "Subject": "Employment indicators - MEI", "Group": "High level industry by variable", "Series_title_1": "Filled jobs", "Series_title_2": "Primary industries", "Series_title_3": "Actual", "Series_title_4": "", "Series_title_5": ""}, {"Series_reference": "MEIM.S1WA", "Period": "2000.01", "Data_value": "82552", "Suppressed": "", "STATUS": "F", "UNITS": "Number", "Magnitude": "0", "Subject": "Employment indicators - MEI", "Group": "High level industry by variable", "Series_title_1": "Filled jobs", "Series_title_2": "Primary industries", "Series_title_3": "Actual", "Series_title_4": "", "Series_title_5": ""}, {"Series_reference": "MEIM.S1WA", "Period": "2000.02", "Data_value": "81709", "Suppressed": "", "STATUS": "F", "UNITS": "Number", "Magnitude": "0", "Subject": "Employment indicators - MEI", "Group": "High level industry by variable", "Series_title_1": "Filled jobs", "Series_title_2": "Primary industries", "Series_title_3": "Actual", "Series_title_4": "", "Series_title_5": ""}, {"Series_reference": "MEIM.S1WA", "Period": "2000.03", "Data_value": "84126", "Suppressed": "", "STATUS": "F", "UNITS": "Number", "Magnitude": "0", "Subject": "Employment indicators - MEI", "Group": "High level industry by variable", "Series_title_1": "Filled jobs", "Series_title_2": "Primary industries", "Series_title_3": "Actual", "Series_title_4": "", "Series_title_5": ""}, {"Series_reference": "MEIM.S1WA", "Period": "2000.04", "Data_value": "77089", "Suppressed": "", "STATUS": "F", "UNITS": "Number", "Magnitude": "0", "Subject": "Employment indicators - MEI", "Group": "High level industry by variable", "Series_title_1": "Filled jobs", "Series_title_2": "Primary industries", "Series_title_3": "Actual", "Series_title_4": "", "Series_title_5": ""}, {"Series_reference": "MEIM.S1WA", "Period": "2000.05", "Data_value": "73811", "Suppressed": "", "STATUS": "F", "UNITS": "Number", "Magnitude": "0", "Subject": "Employment indicators - MEI", "Group": "High level industry by variable", "Series_title_1": "Filled jobs", "Series_title_2": "Primary industries", "Series_title_3": "Actual", "Series_title_4": "", "Series_title_5": ""}, {"Series_reference": "MEIM.S1WA", "Period": "2000.06", "Data_value": "70070", "Suppressed": "", "STATUS": "F", "UNITS": "Number", "Magnitude": "0", "Subject": "Employment indicators - MEI", "Group": "High level industry by variable", "Series_title_1": "Filled jobs", "Series_title_2": "Primary industries", "Series_title_3": "Actual", "Series_title_4": "", "Series_title_5": ""}, {"Series_reference": "MEIM.S1WA", "Period": "2000.07", "Data_value": "69873", "Suppressed": "", "STATUS": "F", "UNITS": "Number", "Magnitude": "0", "Subject": "Employment indicators - MEI", "Group": "High level industry by variable", "Series_title_1": "Filled jobs", "Series_title_2": "Primary industries", "Series_title_3": "Actual", "Series_title_4": "", "Series_title_5": ""}, {"Series_reference": "MEIM.S1WA", "Period": "2000.08", "Data_value": "71468", "Suppressed": "", "STATUS": "F", "UNITS": "Number", "Magnitude": "0", "Subject": "Employment indicators - MEI", "Group": "High level industry by variable", "Series_title_1": "Filled jobs", "Series_title_2": "Primary industries", "Series_title_3": "Actual", "Series_title_4": "", "Series_title_5": ""}, {"Series_reference": "MEIM.S1WA", "Period": "2000.09", "Data_value": "72462", "Suppressed": "", "STATUS": "F", "UNITS": "Number", "Magnitude": "0", "Subject": "Employment indicators - MEI", "Group": "High level industry by variable", "Series_title_1": "Filled jobs", "Series_title_2": "Primary industries", "Series_title_3": "Actual", "Series_title_4": "", "Series_title_5": ""}, {"Series_reference": "MEIM.S1WA", "Period": "2000.10", "Data_value": "74897", "Suppressed": "", "STATUS": "F", "UNITS": "Number", "Magnitude": "0", "Subject": "Employment indicators - MEI", "Group": "High level industry by variable", "Series_title_1": "Filled jobs", "Series_title_2": "Primary industries", "Series_title_3": "Actual", "Series_title_4": "", "Series_title_5": ""}, {"Series_reference": "MEIM.S1WA", "Period": "2000.11", "Data_value": "80928", "Suppressed": "", "STATUS": "F", "UNITS": "Number", "Magnitude": "0", "Subject": "Employment indicators - MEI", "Group": "High level industry by variable", "Series_title_1": "Filled jobs", "Series_title_2": "Primary industries", "Series_title_3": "Actual", "Series_title_4": "", "Series_title_5": ""}]