<data><rows><row><Series_reference>MEIM.S1WA</Series_reference><Period>1999.04</Period><Data_value>80267</Data_value><Suppressed /><STATUS>F</STATUS><UNITS>Number</UNITS><Magnitude>0</Magnitude><Subject>Employment indicators - MEI</Subject><Group>High level industry by variable</Group><Series_title_1>Filled jobs</Series_title_1><Series_title_2>Primary industries</Series_title_2><Series_title_3>Actual</Series_title_3><Series_title_4 /><Series_title_5 /></row><row><Series_reference>MEIM.S1WA</Series_reference><Period>1999.05</Period><Data_value>70803</Data_value><Suppressed /><STATUS>F</STATUS><UNITS>Number</UNITS><Magnitude>0</Magnitude><Subject>Employment indicators - MEI</Subject><Group>High level industry by variable</Group><Series_title_1>Filled jobs</Series_title_1><Series_title_2>Primary industries</Series_title_2><Series_title_3>Actual</Series_title_3><Series_title_4 /><Series_title_5 /></row><row><Series_reference>MEIM.S1WA</Series_reference><Period>1999.06</Period><Data_value>65792</Data_value><Suppressed /><STATUS>F</STATUS><UNITS>Number</UNITS><Magnitude>0</Magnitude><Subject>Employment indicators - MEI</Subject><Group>High level industry by variable</Group><Series_title_1>Filled jobs</Series_title_1><Series_title_2>Primary industries</Series_title_2><Series_title_3>Actual</Series_title_3><Series_title_4 /><Series_title_5 /></row><row><Series_reference>MEIM.S1WA</Series_reference><Period>1999.07</Period><Data_value>66194</Data_value><Suppressed /><STATUS>F</STATUS><UNITS>Number</UNITS><Magnitude>0</Magnitude><Subject>Employment indicators - MEI</Subject><Group>High level industry by variable</Group><Series_title_1>Filled jobs</Series_title_1><Series_title_2>Primary industries</Series_title_2><Series_title_3>Actual</Series_title_3><Series_title_4 /><Series_title_5 /></row><row><Series_reference>MEIM.S1WA</Series_reference><Period>1999.08</Period><Data_value>67259</Data_value><Suppressed /><STATUS>F</STATUS><UNITS>Number</UNITS><Magnitude>0</Magnitude><Subject>Employment indicators - MEI</Subject><Group>High level industry by variable</Group><Series_title_1>Filled jobs</Series_title_1><Series_title_2>Primary industries</Series_title_2><Series_title_3>Actual</Series_title_3><Series_title_4 /><Series_title_5 /></row><row><Series_reference>MEIM.S1WA</Series_reference><Period>1999.09</Period><Data_value>69691</Data_value><Suppressed /><STATUS>F</STATUS><UNITS>Number</UNITS><Magnitude>0</Magnitude><Subject>Employment indicators - MEI</Subject><Group>High level industry by variable</Group><Series_title_1>Filled jobs</Series_title_1><Series_title_2>Primary industries</Series_title_2><Series_title_3>Actual</Series_title_3><Series_title_4 /><Series_title_5 /></row><row><Series_reference>MEIM.S1WA</Series_reference><Period>1999.10</Period><Data_value>72475</Data_value><Suppressed /><STATUS>F</STATUS><UNITS>Number</UNITS><Magnitude>0</Magnitude><Subject>Employment indicators - MEI</Subject><Group>High level industry by variable</Group><Series_title_1>Filled jobs</Series_title_1><Series_title_2>Primary industries</Series_title_2><Series_title_3>Actual</Series_title_3><Series_title_4 /><Series_title_5 /></row><row><Series_reference>MEIM.S1WA</Series_reference><Period>1999.11</Period><Data_value>79263</Data_value><Suppressed /><STATUS>F</STATUS><UNITS>Number</UNITS><Magnitude>0</Magnitude><Subject>Employment indicators - MEI</Subject><Group>High level industry by variable</Group><Series_title_1>Filled jobs</Series_title_1><Series_title_2>Primary industries</Series_title_2><Series_title_3>Actual</Series_title_3><Series_title_4 /><Series_title_5 /></row><row><Series_reference>MEIM.S1WA</Series_reference><Period>1999.12</Period><Data_value>86540</Data_value><Suppressed /><STATUS>F</STATUS><UNITS>Number</UNITS><Magnitude>0</Magnitude><Subject>Employment indicators - MEI</Subject><Group>High level industry by variable</Group><Series_title_1>Filled jobs</Series_title_1><Series_title_2>Primary industries</Series_title_2><Series_title_3>Actual</Series_title_3><Series_title_4 /><Series_title_5 /></row><row><Series_reference>MEIM.S1WA</Series_reference><Period>2000.01</Period><Data_value>82552</Data_value><Suppressed /><STATUS>F</STATUS><UNITS>Number</UNITS><Magnitude>0</Magnitude><Subject>Employment indicators - MEI</Subject><Group>High level industry by variable</Group><Series_title_1>Filled jobs</Series_title_1><Series_title_2>Primary industries</Series_title_2><Series_title_3>Actual</Series_title_3><Series_title_4 /><Series_title_5 /></row><row><Series_reference>MEIM.S1WA</Series_reference><Period>2000.02</Period><Data_value>81709</Data_value><Suppressed /><STATUS>F</STATUS><UNITS>Number</UNITS><Magnitude>0</Magnitude><Subject>Employment indicators - MEI</Subject><Group>High level industry by variable</Group><Series_title_1>Filled jobs</Series_title_1><Series_title_2>Primary industries</Series_title_2><Series_title_3>Actual</Series_title_3><Series_title_4 /><Series_title_5 /></row><row><Series_reference>MEIM.S1WA</Series_reference><Period>2000.03</Period><Data_value>84126</Data_value><Suppressed /><STATUS>F</STATUS><UNITS>Number</UNITS><Magnitude>0</Magnitude><Subject>Employment indicators - MEI</Subject><Group>High level industry by variable</Group><Series_title_1>Filled jobs</Series_title_1><Series_title_2>Primary industries</Series_title_2><Series_title_3>Actual</Series_title_3><Series_title_4 /><Series_title_5 /></row><row><Series_reference>MEIM.S1WA</Series_reference><Period>2000.04</Period><Data_value>77089</Data_value><Suppressed /><STATUS>F</STATUS><UNITS>Number</UNITS><Magnitude>0</Magnitude><Subject>Employment indicators - MEI</Subject><Group>High level industry by variable</Group><Series_title_1>Filled jobs</Series_title_1><Series_title_2>Primary industries</Series_title_2><Series_title_3>Actual</Series_title_3><Series_title_4 /><Series_title_5 /></row><row><Series_reference>MEIM.S1WA</Series_reference><Period>2000.05</Period><Data_value>73811</Data_value><Suppressed /><STATUS>F</STATUS><UNITS>Number</UNITS><Magnitude>0</Magnitude><Subject>Employment indicators - MEI</Subject><Group>High level industry by variable</Group><Series_title_1>Filled jobs</Series_title_1><Series_title_2>Primary industries</Series_title_2><Series_title_3>Actual</Series_title_3><Series_title_4 /><Series_title_5 /></row><row><Series_reference>MEIM.S1WA</Series_reference><Period>2000.06</Period><Data_value>70070</Data_value><Suppressed /><STATUS>F</STATUS><UNITS>Number</UNITS><Magnitude>0</Magnitude><Subject>Employment indicators - MEI</Subject><Group>High level industry by variable</Group><Series_title_1>Filled jobs</Series_title_1><Series_title_2>Primary industries</Series_title_2><Series_title_3>Actual</Series_title_3><Series_title_4 /><Series_title_5 /></row><row><Series_reference>MEIM.S1WA</Series_reference><Period>2000.07</Period><Data_value>69873</Data_value><Suppressed /><STATUS>F</STATUS><UNITS>Number</UNITS><Magnitude>0</Magnitude><Subject>Employment indicators - MEI</Subject><Group>High level industry by variable</Group><Series_title_1>Filled jobs</Series_title_1><Series_title_2>Primary industries</Series_title_2><Series_title_3>Actual</Series_title_3><Series_title_4 /><Series_title_5 /></row><row><Series_reference>MEIM.S1WA</Series_reference><Period>2000.08</Period><Data_value>71468</Data_value><Suppressed /><STATUS>F</STATUS><UNITS>Number</UNITS><Magnitude>0</Magnitude><Subject>Employment indicators - MEI</Subject><Group>High level industry by variable</Group><Series_title_1>Filled jobs</Series_title_1><Series_title_2>Primary industries</Series_title_2><Series_title_3>Actual</Series_title_3><Series_title_4 /><Series_title_5 /></row><row><Series_reference>MEIM.S1WA</Series_reference><Period>2000.09</Period><Data_value>72462</Data_value><Suppressed /><STATUS>F</STATUS><UNITS>Number</UNITS><Magnitude>0</Magnitude><Subject>Employment indicators - MEI</Subject><Group>High level industry by variable</Group><Series_title_1>Filled jobs</Series_title_1><Series_title_2>Primary industries</Series_title_2><Series_title_3>Actual</Series_title_3><Series_title_4 /><Series_title_5 /></row><row><Series_reference>MEIM.S1WA</Series_reference><Period>2000.10</Period><Data_value>74897</Data_value><Suppressed /><STATUS>F</STATUS><UNITS>Number</UNITS><Magnitude>0</Magnitude><Subject>Employment indicators - MEI</Subject><Group>High level industry by variable</Group><Series_title_1>Filled jobs</Series_title_1><Series_title_2>Primary industries</Series_title_2><Series_title_3>Actual</Series_title_3><Series_title_4 /><Series_title_5 /></row><row><Series_reference>MEIM.S1WA</Series_reference><Period>2000.11</Period><Data_value>80928</Data_value><Suppressed /><STATUS>F</STATUS><UNITS>Number</UNITS><Magnitude>0</Magnitude><Subject>Employment indicators - MEI</Subject><Group>High level industry by variable</Group><Series_title_1>Filled jobs</Series_title_1><Series_title_2>Primary industries</Series_title_2><Series_title_3>Actual</Series_title_3><Series_title_4 /><Series_title_5 /></row></rows></data>